id,first_name,last_name,email,gender,job_type
1,Edeline,Esom,eesom0@miitbeian.gov.cn,Female,Geological Engineer
2,Cass,Dat,cdat1@blogs.com,Male,Recruiting Manager
3,Fidela,Swetmore,fswetmore2@google.com.au,Female,Geologist II
4,Chiquia,Side,cside3@aboutads.info,Bigender,Paralegal
5,Trish,Dorset,tdorset4@weebly.com,Female,Community Outreach Specialist
6,Vidovik,Mellanby,vmellanby5@flavors.me,Male,Structural Engineer
7,Allix,Augustine,aaugustine6@tumblr.com,Female,Design Engineer
8,Gwenette,Donaher,gdonaher7@addtoany.com,Female,Professor
9,Rina,Kerfod,rkerfod8@nationalgeographic.com,Female,Environmental Specialist
10,Clim,Brigdale,cbrigdale9@hp.com,Male,VP Product Management
11,Marco,Mein,mmeina@yahoo.com,Male,Nurse
12,Hephzibah,Kmiec,hkmiecb@facebook.com,Female,Cost Accountant
13,Isabelle,Bowstead,ibowsteadc@washington.edu,Female,Analyst Programmer
14,Clary,Whodcoat,cwhodcoatd@wired.com,Female,Community Outreach Specialist
15,Alex,Mawditt,amawditte@columbia.edu,Male,Assistant Manager
16,Robinette,Margrie,rmargrief@jalbum.net,Female,Sales Representative
17,Sibel,O'Heneghan,soheneghang@histats.com,Female,Internal Auditor
18,Sophie,Guerrero,sguerreroh@wsj.com,Female,Data Coordinator
19,Chrysler,Burkin,cburkini@php.net,Female,Database Administrator IV
20,Isaac,Carlens,icarlensj@chronoengine.com,Non-binary,Chemical Engineer
21,Estrellita,Grishmanov,egrishmanovk@wp.com,Female,Payment Adjustment Coordinator
22,Clemmie,Sheringham,csheringhaml@sakura.ne.jp,Male,Sales Representative
23,Gaultiero,Cheevers,gcheeversm@cbsnews.com,Male,VP Quality Control
24,Karola,Wisbey,kwisbeyn@fda.gov,Female,Senior Cost Accountant
25,Ken,Wermerling,kwermerlingo@google.ca,Male,Associate Professor
26,Marina,Gorioli,mgoriolip@sphinn.com,Female,Staff Accountant IV
27,Patty,Perkins,pperkinsq@free.fr,Agender,Teacher
28,Gabriello,Jackways,gjackwaysr@facebook.com,Male,Environmental Specialist
29,Kristy,Limpkin,klimpkins@dyndns.org,Female,Financial Analyst
30,Sunny,Flatley,sflatleyt@myspace.com,Female,Director of Sales
31,Marna,MacPadene,mmacpadeneu@flickr.com,Female,Executive Secretary
32,Nanon,Lace,nlacev@hubpages.com,Female,VP Marketing
33,Dorian,MacFayden,dmacfaydenw@prlog.org,Non-binary,Business Systems Development Analyst
34,Sidnee,Sloy,ssloyx@sfgate.com,Male,Safety Technician II
35,Karleen,Womersley,kwomersleyy@blogger.com,Female,Help Desk Technician
36,Halsy,Lindgren,hlindgrenz@telegraph.co.uk,Male,Marketing Assistant
37,Ermina,Friberg,efriberg10@bloglovin.com,Female,Account Representative II
38,Raymund,Forestall,rforestall11@flavors.me,Male,Web Designer II
39,Reinhold,Elvish,relvish12@cam.ac.uk,Bigender,Computer Systems Analyst II
40,Christiano,Cumine,ccumine13@apple.com,Male,Staff Scientist
41,Merrie,Stollenwerck,mstollenwerck14@tmall.com,Bigender,Nurse
42,Cass,Orrow,corrow15@google.pl,Female,Financial Advisor
43,Lay,Payle,lpayle16@springer.com,Male,Occupational Therapist
44,Torrey,Cortese,tcortese17@illinois.edu,Male,Senior Quality Engineer
45,Betteanne,Mainson,bmainson18@biblegateway.com,Female,Human Resources Assistant III
46,Sella,Emerson,semerson19@paginegialle.it,Female,Registered Nurse
47,Carny,Goodricke,cgoodricke1a@etsy.com,Male,VP Marketing
48,Andi,Idenden,aidenden1b@behance.net,Female,Research Nurse
49,Rockie,Gowers,rgowers1c@shareasale.com,Male,Project Manager
50,Waring,McDill,wmcdill1d@sakura.ne.jp,Male,Junior Executive
51,Janina,Stower,jstower1e@indiatimes.com,Female,Programmer I
52,Marten,Mandrey,mmandrey1f@xing.com,Male,Quality Control Specialist
53,Billy,Skokoe,bskokoe1g@baidu.com,Male,Civil Engineer
54,Ashia,Macia,amacia1h@loc.gov,Bigender,Operator
55,D'arcy,Achrameev,dachrameev1i@phoca.cz,Male,Speech Pathologist
56,Marlie,Pilley,mpilley1j@accuweather.com,Female,Sales Representative
57,Gilbert,Hinkins,ghinkins1k@spiegel.de,Male,Paralegal
58,Kirstyn,Gossipin,kgossipin1l@wikipedia.org,Female,Analog Circuit Design manager
59,Sena,Coxwell,scoxwell1m@live.com,Female,Systems Administrator II
60,Myrilla,Howchin,mhowchin1n@cnbc.com,Female,Librarian
61,Wat,Aubray,waubray1o@google.ru,Male,Project Manager
62,Alaine,Grafton-Herbert,agraftonherbert1p@rakuten.co.jp,Female,Help Desk Operator
63,Corette,Kitman,ckitman1q@spotify.com,Female,Geological Engineer
64,Jerrilee,Sanper,jsanper1r@google.co.jp,Female,Senior Developer
65,Halsy,Antat,hantat1s@cyberchimps.com,Male,Senior Cost Accountant
66,Lenette,Lapthorn,llapthorn1t@webs.com,Female,Environmental Specialist
67,Elmira,Ox,eox1u@jiathis.com,Female,Research Associate
68,Obie,Connachan,oconnachan1v@nature.com,Male,VP Product Management
69,Thomasa,Firidolfi,tfiridolfi1w@bloomberg.com,Female,Financial Analyst
70,Lambert,Dakers,ldakers1x@de.vu,Male,Nurse
71,Kerk,Jachimiak,kjachimiak1y@diigo.com,Male,Statistician IV
72,Sheppard,Norris,snorris1z@com.com,Male,Budget/Accounting Analyst II
73,Winne,Knevet,wknevet20@loc.gov,Female,Cost Accountant
74,Corbett,Pettifer,cpettifer21@mysql.com,Genderqueer,Design Engineer
75,Corissa,Hasel,chasel22@so-net.ne.jp,Female,Chemical Engineer
76,Efren,Oxbury,eoxbury23@blogger.com,Male,Safety Technician I
77,Skipper,Halso,shalso24@canalblog.com,Male,Senior Sales Associate
78,Ashely,Spruce,aspruce25@addthis.com,Female,Engineer II
79,Westbrook,Zorzoni,wzorzoni26@squarespace.com,Male,Assistant Professor
80,Tobye,Lockhurst,tlockhurst27@examiner.com,Female,Systems Administrator III
81,Palm,Triswell,ptriswell28@slashdot.org,Male,Account Coordinator
82,Skye,Kermitt,skermitt29@earthlink.net,Male,Dental Hygienist
83,Archer,Magrane,amagrane2a@oakley.com,Male,Compensation Analyst
84,Erin,Brunger,ebrunger2b@1688.com,Male,Quality Control Specialist
85,Corey,Merton,cmerton2c@flavors.me,Male,Statistician I
86,Tandy,Meates,tmeates2d@joomla.org,Female,Senior Financial Analyst
87,Camille,Sparrow,csparrow2e@cargocollective.com,Female,Executive Secretary
88,Shane,Crum,scrum2f@constantcontact.com,Male,Community Outreach Specialist
89,Koenraad,Yushin,kyushin2g@ox.ac.uk,Male,Graphic Designer
90,Romeo,Tousey,rtousey2h@discovery.com,Male,Clinical Specialist
91,Hugo,Marking,hmarking2i@digg.com,Male,Senior Developer
92,Noby,Nolot,nnolot2j@guardian.co.uk,Male,Recruiting Manager
93,Fonsie,Eacle,feacle2k@chronoengine.com,Male,Environmental Specialist
94,Dieter,Redit,dredit2l@mit.edu,Male,Technical Writer
95,Holmes,Boykett,hboykett2m@dailymail.co.uk,Male,Executive Secretary
96,Pace,Fillimore,pfillimore2n@paginegialle.it,Male,Product Engineer
97,Tiff,Morrow,tmorrow2o@linkedin.com,Female,Human Resources Manager
98,Nike,Stilwell,nstilwell2p@va.gov,Female,Actuary
99,Earl,Rodrigo,erodrigo2q@sohu.com,Male,Accountant III
100,Odette,Gosart,ogosart2r@blinklist.com,Female,Technical Writer
101,Jessie,Segrave,jsegrave2s@creativecommons.org,Male,Recruiting Manager
102,Torin,Shand,tshand2t@indiegogo.com,Male,Geologist IV
103,Olenolin,Raywood,oraywood2u@mozilla.org,Male,Staff Accountant IV
104,Cristionna,Colwill,ccolwill2v@abc.net.au,Female,Teacher
105,Ase,Schooling,aschooling2w@mac.com,Male,Software Consultant
106,Wolfy,Janus,wjanus2x@cargocollective.com,Male,Safety Technician III
107,Miguela,Mariet,mmariet2y@51.la,Female,Actuary
108,Korney,Berndt,kberndt2z@rediff.com,Female,Research Assistant IV
109,Shepherd,Tomaello,stomaello30@miibeian.gov.cn,Male,Media Manager II
110,Delainey,Canero,dcanero31@apache.org,Male,Financial Advisor
111,Coletta,Scammonden,cscammonden32@php.net,Female,Recruiting Manager
112,Bidget,Fishly,bfishly33@marriott.com,Female,VP Accounting
113,Mal,Hollington,mhollington34@sfgate.com,Male,Graphic Designer
114,Joseph,Briars,jbriars35@nasa.gov,Male,Clinical Specialist
115,Balduin,Verrick,bverrick36@bing.com,Male,Junior Executive
116,Seward,Fishley,sfishley37@zdnet.com,Polygender,Recruiting Manager
117,Reinold,Petschelt,rpetschelt38@umich.edu,Male,VP Marketing
118,Conant,Beedle,cbeedle39@soundcloud.com,Male,Account Executive
119,Gottfried,Bosward,gbosward3a@columbia.edu,Male,Quality Control Specialist
120,Terry,Bakey,tbakey3b@opera.com,Genderfluid,Editor
121,Ty,Miner,tminer3c@un.org,Male,Social Worker
122,Karleen,Ferbrache,kferbrache3d@berkeley.edu,Female,Civil Engineer
123,Colleen,Wybourne,cwybourne3e@altervista.org,Female,Account Coordinator
124,Justis,Howard,jhoward3f@list-manage.com,Male,Chemical Engineer
125,Schuyler,Croucher,scroucher3g@barnesandnoble.com,Male,Senior Quality Engineer
126,Kahaleel,Ormistone,kormistone3h@about.com,Male,Engineer IV
127,Emmerich,Mingame,emingame3i@behance.net,Male,Information Systems Manager
128,Hestia,Joynes,hjoynes3j@wired.com,Female,Executive Secretary
129,Truman,Turrell,tturrell3k@shutterfly.com,Male,Pharmacist
130,Ruperta,Motion,rmotion3l@scientificamerican.com,Female,Administrative Assistant III
131,Seana,Crab,scrab3m@a8.net,Female,Civil Engineer
132,Sallyann,Tillerton,stillerton3n@issuu.com,Female,Research Associate
133,Jackson,Pontefract,jpontefract3o@bizjournals.com,Male,VP Product Management
134,Estevan,McGerraghty,emcgerraghty3p@arizona.edu,Male,Design Engineer
135,Silvain,Wilfing,swilfing3q@topsy.com,Male,Recruiter
136,Sheri,Danilovitch,sdanilovitch3r@bloomberg.com,Female,Desktop Support Technician
137,Krissie,Helks,khelks3s@cyberchimps.com,Non-binary,Safety Technician II
138,Brien,McGrale,bmcgrale3t@utexas.edu,Male,Pharmacist
139,Sissie,Arias,sarias3u@noaa.gov,Female,Librarian
140,Raina,Sandiland,rsandiland3v@smh.com.au,Female,Food Chemist
141,Maiga,Teece,mteece3w@zdnet.com,Non-binary,Executive Secretary
142,Latrina,Clues,lclues3x@weebly.com,Bigender,GIS Technical Architect
143,Ernie,Puxley,epuxley3y@symantec.com,Male,Account Coordinator
144,Arin,Shailer,ashailer3z@meetup.com,Male,Staff Accountant IV
145,Blane,Plampin,bplampin40@163.com,Male,Administrative Officer
146,Christy,Baudou,cbaudou41@huffingtonpost.com,Female,VP Accounting
147,Martie,Morales,mmorales42@infoseek.co.jp,Male,VP Marketing
148,Darcee,Denney,ddenney43@joomla.org,Female,Executive Secretary
149,Ian,Ceyssen,iceyssen44@xrea.com,Male,Environmental Tech
150,Breena,Chittie,bchittie45@naver.com,Female,Research Assistant I
151,Holli,Nears,hnears46@aboutads.info,Female,Human Resources Assistant III
152,Dwight,Farres,dfarres47@tinyurl.com,Male,Senior Quality Engineer
153,Gilles,Sire,gsire48@yelp.com,Male,Accounting Assistant II
154,Kain,Galbreath,kgalbreath49@theglobeandmail.com,Male,Payment Adjustment Coordinator
155,Lisetta,Tuke,ltuke4a@wisc.edu,Female,Research Assistant I
156,Rogers,Vickarman,rvickarman4b@domainmarket.com,Male,Clinical Specialist
157,Angelica,Perillo,aperillo4c@g.co,Female,Electrical Engineer
158,Jodie,Biaggioli,jbiaggioli4d@mac.com,Male,Developer I
159,Berkie,Struthers,bstruthers4e@istockphoto.com,Male,Nuclear Power Engineer
160,Farrell,Sambeck,fsambeck4f@t.co,Male,Software Consultant
161,Bartolomeo,Creffield,bcreffield4g@ca.gov,Male,Analyst Programmer
162,Francisco,Tunn,ftunn4h@gmpg.org,Male,Analyst Programmer
163,Vivyanne,Goldring,vgoldring4i@plala.or.jp,Female,Senior Cost Accountant
164,Rockey,Kelinge,rkelinge4j@addtoany.com,Male,Environmental Specialist
165,Clemente,Yerbury,cyerbury4k@comsenz.com,Male,Research Associate
166,Veronike,Plaide,vplaide4l@google.it,Genderqueer,Budget/Accounting Analyst II
167,Tressa,Sheerman,tsheerman4m@techcrunch.com,Female,Assistant Professor
168,Annetta,Umfrey,aumfrey4n@ted.com,Female,Structural Analysis Engineer
169,Alane,Solloway,asolloway4o@gravatar.com,Female,Nurse Practicioner
170,Merry,Trude,mtrude4p@macromedia.com,Male,Geological Engineer
171,Johann,Muckley,jmuckley4q@go.com,Male,Social Worker
172,Tod,Hathwood,thathwood4r@latimes.com,Genderqueer,Marketing Manager
173,Pattin,MacCourt,pmaccourt4s@forbes.com,Male,Sales Associate
174,Jaquenetta,Orrom,jorrom4t@smh.com.au,Female,Senior Developer
175,Brandi,Beri,bberi4u@pbs.org,Female,Computer Systems Analyst II
176,Nadiya,Dayton,ndayton4v@networkadvertising.org,Female,Accountant II
177,Ulrich,Jakab,ujakab4w@ehow.com,Male,VP Product Management
178,Jimmie,Cutchey,jcutchey4x@aboutads.info,Male,Teacher
179,Eloisa,Bythell,ebythell4y@businessinsider.com,Female,Marketing Manager
180,Annice,Parlett,aparlett4z@sina.com.cn,Female,VP Sales
181,Leelah,Synnott,lsynnott50@flickr.com,Female,Accountant II
182,Dougy,Tully,dtully51@irs.gov,Male,Pharmacist
183,Lem,Mitchiner,lmitchiner52@shareasale.com,Male,Staff Scientist
184,Ibrahim,Wright,iwright53@chicagotribune.com,Male,General Manager
185,Carl,Gomm,cgomm54@hibu.com,Male,Junior Executive
186,Hilarius,Velte,hvelte55@facebook.com,Bigender,Food Chemist
187,Raimondo,Moyles,rmoyles56@yelp.com,Male,Internal Auditor
188,Sansone,Scrine,sscrine57@plala.or.jp,Male,Account Representative IV
189,Gerardo,Middleweek,gmiddleweek58@privacy.gov.au,Male,Analyst Programmer
190,Jaquelin,Huard,jhuard59@google.pl,Female,Research Assistant I
191,Barbie,Monahan,bmonahan5a@go.com,Female,Editor
192,Dionne,Melly,dmelly5b@newyorker.com,Female,Graphic Designer
193,Zeb,Willeman,zwilleman5c@sakura.ne.jp,Male,Help Desk Operator
194,Christy,Addis,caddis5d@theglobeandmail.com,Male,Account Representative I
195,Morgen,Grimston,mgrimston5e@howstuffworks.com,Male,Civil Engineer
196,Bev,Stredwick,bstredwick5f@behance.net,Genderfluid,Sales Representative
197,Haze,Leonards,hleonards5g@bloglines.com,Male,Health Coach I
198,Ludvig,Ghidini,lghidini5h@hugedomains.com,Male,Payment Adjustment Coordinator
199,Yard,Lutzmann,ylutzmann5i@washingtonpost.com,Male,GIS Technical Architect
200,Elva,Bamford,ebamford5j@baidu.com,Female,Research Assistant IV
201,Elvis,Roberts,eroberts5k@slideshare.net,Male,Senior Quality Engineer
202,Corrinne,Abbot,cabbot5l@t-online.de,Female,Assistant Media Planner
203,Philomena,Werndley,pwerndley5m@amazon.co.uk,Female,Sales Representative
204,Whittaker,Littefair,wlittefair5n@cdbaby.com,Male,Programmer IV
205,Farley,Rumgay,frumgay5o@bizjournals.com,Male,Sales Representative
206,Mose,Fairbrace,mfairbrace5p@hexun.com,Male,VP Quality Control
207,Heath,Ralton,hralton5q@over-blog.com,Female,Operator
208,Paddie,Winton,pwinton5r@bigcartel.com,Male,Graphic Designer
209,Cecilia,Hanalan,chanalan5s@sbwire.com,Female,Assistant Media Planner
210,Barth,Rowell,browell5t@walmart.com,Male,Actuary
211,Ketti,Stote,kstote5u@hatena.ne.jp,Female,Assistant Professor
212,Yard,Denis,ydenis5v@feedburner.com,Male,Pharmacist
213,Maynord,McTurley,mmcturley5w@google.es,Male,Accountant I
214,Tomas,Sheron,tsheron5x@buzzfeed.com,Male,Financial Advisor
215,Gerda,Gavaran,ggavaran5y@rediff.com,Female,Actuary
216,Jody,Wink,jwink5z@gnu.org,Female,Project Manager
217,Creight,Sertin,csertin60@admin.ch,Male,Data Coordinator
218,Moina,Nise,mnise61@pinterest.com,Genderqueer,Research Nurse
219,Camile,Kimmings,ckimmings62@nyu.edu,Female,Payment Adjustment Coordinator
220,Germaine,Bitten,gbitten63@symantec.com,Female,Desktop Support Technician
221,Vin,Tatam,vtatam64@umich.edu,Female,Internal Auditor
222,Ninette,Garn,ngarn65@tripadvisor.com,Female,Assistant Professor
223,Desiri,Hupe,dhupe66@qq.com,Female,Chief Design Engineer
224,Lurlene,Morey,lmorey67@i2i.jp,Female,Programmer IV
225,Orville,Marlen,omarlen68@answers.com,Male,Research Assistant IV
226,Roddie,Theseira,rtheseira69@desdev.cn,Male,Analog Circuit Design manager
227,Fran,Batcock,fbatcock6a@china.com.cn,Male,Pharmacist
228,Adolphus,Carnihan,acarnihan6b@cargocollective.com,Male,Environmental Specialist
229,Garwood,Mangeney,gmangeney6c@clickbank.net,Male,Internal Auditor
230,Linoel,Reaveley,lreaveley6d@cnbc.com,Male,Media Manager IV
231,Robenia,Langtry,rlangtry6e@rediff.com,Genderfluid,Nurse
232,Maure,Wedlock,mwedlock6f@ustream.tv,Female,Automation Specialist IV
233,Nessy,Jouning,njouning6g@upenn.edu,Female,Nurse
234,Ermentrude,Sirman,esirman6h@digg.com,Female,Senior Editor
235,Maren,Kernocke,mkernocke6i@theguardian.com,Female,Environmental Tech
236,Annabela,Bettleson,abettleson6j@cloudflare.com,Genderqueer,Junior Executive
237,Elita,Espinas,eespinas6k@unicef.org,Female,Staff Scientist
238,Gretel,Blaksley,gblaksley6l@icq.com,Female,Assistant Media Planner
239,Iseabal,Trittam,itrittam6m@geocities.jp,Female,Programmer Analyst I
240,Cherri,Gledhall,cgledhall6n@joomla.org,Polygender,Clinical Specialist
241,Willdon,Joincey,wjoincey6o@usda.gov,Male,Cost Accountant
242,Jobina,Speeding,jspeeding6p@mozilla.org,Female,Occupational Therapist
243,Dur,Afonso,dafonso6q@cam.ac.uk,Male,Database Administrator II
244,Mariya,Mannagh,mmannagh6r@xinhuanet.com,Female,Structural Engineer
245,Dru,Albinson,dalbinson6s@ovh.net,Male,Geological Engineer
246,Hamil,Sweedy,hsweedy6t@geocities.jp,Male,Compensation Analyst
247,Keslie,Goldhawk,kgoldhawk6u@seesaa.net,Female,Recruiting Manager
248,Jodie,Cast,jcast6v@symantec.com,Male,Research Nurse
249,Stormy,Beaves,sbeaves6w@senate.gov,Female,Senior Financial Analyst
250,Lezley,Leak,lleak6x@kickstarter.com,Male,Quality Control Specialist
251,Hilliard,Mc Carrick,hmccarrick6y@house.gov,Male,Account Coordinator
252,Todd,Rainton,trainton6z@wp.com,Male,Recruiting Manager
253,Joete,Raymont,jraymont70@omniture.com,Female,Help Desk Technician
254,Giacobo,Sudran,gsudran71@nifty.com,Male,Engineer II
255,Hansiain,Gyde,hgyde72@illinois.edu,Male,Geological Engineer
256,Melisent,Cudmore,mcudmore73@ifeng.com,Genderfluid,Structural Analysis Engineer
257,Em,Patinkin,epatinkin74@newsvine.com,Female,Software Engineer III
258,Alys,Gullen,agullen75@php.net,Female,Data Coordinator
259,Harper,Blundan,hblundan76@ft.com,Male,Pharmacist
260,Marris,Venning,mvenning77@cmu.edu,Female,Administrative Officer
261,Maritsa,Daynter,mdaynter78@purevolume.com,Female,Data Coordinator
262,Leeanne,Beecham,lbeecham79@cargocollective.com,Female,Business Systems Development Analyst
263,Flossi,Cree,fcree7a@pcworld.com,Female,Safety Technician IV
264,Fancie,Probbing,fprobbing7b@unesco.org,Female,Account Executive
265,Temp,Balharry,tbalharry7c@oakley.com,Male,Budget/Accounting Analyst III
266,Xylia,Ditch,xditch7d@drupal.org,Female,Assistant Media Planner
267,Nappie,Proughten,nproughten7e@google.it,Male,Senior Editor
268,Vanny,Huckstepp,vhuckstepp7f@tumblr.com,Female,Biostatistician III
269,Krissie,Idell,kidell7g@blogtalkradio.com,Genderqueer,Programmer IV
270,Sly,Stoakes,sstoakes7h@miitbeian.gov.cn,Male,Structural Engineer
271,Derril,Enrich,denrich7i@elegantthemes.com,Male,Health Coach III
272,Rheta,McCahill,rmccahill7j@github.com,Female,Programmer Analyst II
273,Antonius,Smurfit,asmurfit7k@ow.ly,Male,Design Engineer
274,Orrin,McCluney,omccluney7l@e-recht24.de,Male,Food Chemist
275,Sayres,Cod,scod7m@fema.gov,Male,Geologist III
276,Wilmer,Langstone,wlangstone7n@prnewswire.com,Male,Electrical Engineer
277,Leontine,Frankis,lfrankis7o@hostgator.com,Female,Nurse Practicioner
278,Keven,Polotti,kpolotti7p@i2i.jp,Male,Graphic Designer
279,Clio,Turbayne,cturbayne7q@photobucket.com,Female,General Manager
280,Gareth,Elsbury,gelsbury7r@csmonitor.com,Male,Chief Design Engineer
281,Eyde,Lorant,elorant7s@sun.com,Female,Staff Scientist
282,Mellisent,McDavitt,mmcdavitt7t@tripod.com,Female,Assistant Professor
283,Josias,Meckiff,jmeckiff7u@google.fr,Male,Librarian
284,Bevan,Kertess,bkertess7v@usnews.com,Male,Systems Administrator I
285,Jeniffer,Rude,jrude7w@alexa.com,Female,Geological Engineer
286,Olivette,Meatyard,omeatyard7x@comcast.net,Female,Occupational Therapist
287,Pietra,Nabbs,pnabbs7y@state.tx.us,Female,Paralegal
288,Paton,Skeleton,pskeleton7z@cpanel.net,Male,Budget/Accounting Analyst I
289,Winna,Argrave,wargrave80@opensource.org,Female,Operator
290,Taylor,Farnhill,tfarnhill81@1und1.de,Male,Tax Accountant
291,Abbie,Degoey,adegoey82@timesonline.co.uk,Polygender,Environmental Tech
292,Joelie,Ashley,jashley83@ucla.edu,Female,Human Resources Assistant II
293,Olvan,MacIan,omacian84@ycombinator.com,Male,Analog Circuit Design manager
294,Faydra,Picott,fpicott85@microsoft.com,Female,Paralegal
295,Link,McNeilly,lmcneilly86@liveinternet.ru,Male,Professor
296,Lorens,Stallwood,lstallwood87@alibaba.com,Male,Marketing Manager
297,Cherie,Dobby,cdobby88@bloglovin.com,Female,Cost Accountant
298,Ivan,Habbes,ihabbes89@naver.com,Male,Librarian
299,Matthus,Thowes,mthowes8a@prlog.org,Male,Automation Specialist II
300,Eugenius,McLane,emclane8b@apple.com,Male,Help Desk Operator
301,Sadie,Vowells,svowells8c@howstuffworks.com,Genderqueer,Mechanical Systems Engineer
302,Caro,Geroldini,cgeroldini8d@ftc.gov,Female,Tax Accountant
303,Livvyy,Scourgie,lscourgie8e@telegraph.co.uk,Female,Engineer I
304,Tore,Lipscombe,tlipscombe8f@squidoo.com,Male,Sales Associate
305,Yank,Cervantes,ycervantes8g@zdnet.com,Male,Marketing Manager
306,Eward,McCullen,emccullen8h@etsy.com,Male,Occupational Therapist
307,Nettie,Bucklee,nbucklee8i@oakley.com,Female,VP Sales
308,Hal,Adds,hadds8j@mlb.com,Male,Payment Adjustment Coordinator
309,Gale,Okenfold,gokenfold8k@xing.com,Female,Desktop Support Technician
310,Raddy,Thorley,rthorley8l@php.net,Male,Software Engineer III
311,Quillan,Loxley,qloxley8m@businesswire.com,Male,Design Engineer
312,Scott,Tuke,stuke8n@pinterest.com,Male,Librarian
313,Lari,Dye,ldye8o@networkadvertising.org,Female,Tax Accountant
314,Rowney,Kaplin,rkaplin8p@whitehouse.gov,Male,Accountant II
315,Killy,Pratton,kpratton8q@indiatimes.com,Male,Senior Sales Associate
316,Silvanus,Hambric,shambric8r@mail.ru,Male,Developer IV
317,Matthieu,Jaine,mjaine8s@dropbox.com,Male,Programmer III
318,Pen,Finlayson,pfinlayson8t@omniture.com,Female,VP Accounting
319,Ford,Wildgoose,fwildgoose8u@google.fr,Male,VP Sales
320,Gerladina,Helliwell,ghelliwell8v@hud.gov,Female,Food Chemist
321,Ephrayim,Kubiczek,ekubiczek8w@businessweek.com,Male,Recruiting Manager
322,Stephana,Ormes,sormes8x@nymag.com,Genderfluid,Software Engineer IV
323,Rosy,Dyte,rdyte8y@arstechnica.com,Female,Occupational Therapist
324,Lenci,Littley,llittley8z@disqus.com,Bigender,VP Marketing
325,Frankie,Heffernan,fheffernan90@google.pl,Male,Health Coach IV
326,Angeline,Mulvy,amulvy91@princeton.edu,Female,Automation Specialist IV
327,Domingo,Bartlam,dbartlam92@pagesperso-orange.fr,Male,GIS Technical Architect
328,Dode,Sailer,dsailer93@china.com.cn,Female,Senior Developer
329,Belle,Houson,bhouson94@bloomberg.com,Female,Nurse Practicioner
330,Adrien,Folkes,afolkes95@yale.edu,Male,VP Accounting
331,Sande,Aherne,saherne96@cmu.edu,Female,Desktop Support Technician
332,Zahara,St Louis,zstlouis97@adobe.com,Female,VP Product Management
333,Kristofer,Borgne,kborgne98@yahoo.co.jp,Male,Librarian
334,Artur,Murrthum,amurrthum99@ezinearticles.com,Male,Desktop Support Technician
335,Cherilyn,Wartnaby,cwartnaby9a@twitter.com,Female,Geological Engineer
336,Garrick,Dicks,gdicks9b@unblog.fr,Male,Help Desk Operator
337,Tiebout,Zamora,tzamora9c@adobe.com,Male,Registered Nurse
338,Margie,Bithell,mbithell9d@desdev.cn,Female,Civil Engineer
339,Nadine,Boanas,nboanas9e@youtube.com,Female,Assistant Professor
340,Hortensia,Lawlie,hlawlie9f@g.co,Female,Engineer III
341,Ainslie,Schult,aschult9g@ocn.ne.jp,Genderfluid,Assistant Media Planner
342,Selia,Giberd,sgiberd9h@house.gov,Female,Mechanical Systems Engineer
343,Algernon,Bedding,abedding9i@altervista.org,Bigender,Assistant Media Planner
344,Mandie,Archbutt,marchbutt9j@sciencedirect.com,Agender,Physical Therapy Assistant
345,Geno,Lebourn,glebourn9k@vimeo.com,Male,Programmer IV
346,Vicky,Niccols,vniccols9l@sciencedirect.com,Female,VP Product Management
347,Dominica,Twyford,dtwyford9m@dyndns.org,Female,Legal Assistant
348,Ros,Domenge,rdomenge9n@mtv.com,Female,Physical Therapy Assistant
349,Meara,Rosiello,mrosiello9o@japanpost.jp,Female,Quality Control Specialist
350,Christophorus,Artharg,cartharg9p@sun.com,Male,Dental Hygienist
351,Alexis,Iredell,airedell9q@wikia.com,Male,Programmer IV
352,Wylie,Berlin,wberlin9r@discuz.net,Male,GIS Technical Architect
353,Nerte,Gatrell,ngatrell9s@toplist.cz,Genderqueer,Operator
354,Karly,Glassopp,kglassopp9t@go.com,Female,Programmer III
355,Perla,Halbard,phalbard9u@java.com,Female,Design Engineer
356,Marten,Walczynski,mwalczynski9v@apache.org,Genderfluid,Recruiting Manager
357,Kleon,Adamovsky,kadamovsky9w@craigslist.org,Male,Computer Systems Analyst I
358,Marylou,Jakubowsky,mjakubowsky9x@google.com.au,Female,Software Engineer IV
359,Gertie,Matzl,gmatzl9y@about.me,Female,VP Sales
360,Craggie,Westmacott,cwestmacott9z@cpanel.net,Male,Research Nurse
361,Aprilette,Balaisot,abalaisota0@nsw.gov.au,Female,Occupational Therapist
362,Adrea,Enoch,aenocha1@ucla.edu,Female,Administrative Assistant IV
363,Cecil,Cantero,ccanteroa2@oakley.com,Male,Director of Sales
364,Steward,Iacovielli,siacoviellia3@si.edu,Male,Accounting Assistant IV
365,Bellanca,Abercromby,babercrombya4@mediafire.com,Female,Engineer III
366,Ellie,Tuttiett,etuttietta5@sina.com.cn,Agender,Social Worker
367,Corrine,Rackham,crackhama6@trellian.com,Female,Director of Sales
368,Betta,Marron,bmarrona7@360.cn,Female,Pharmacist
369,Aurilia,Haw,ahawa8@comsenz.com,Female,Junior Executive
370,Saunder,Praten,spratena9@tripadvisor.com,Male,Web Developer I
371,Eryn,Simanek,esimanekaa@harvard.edu,Female,Staff Accountant II
372,Frederic,Babbage,fbabbageab@newyorker.com,Male,Office Assistant III
373,Tanitansy,Filyakov,tfilyakovac@soundcloud.com,Female,Statistician I
374,Norry,Gaze,ngazead@alexa.com,Female,Junior Executive
375,Nerte,Baggiani,nbaggianiae@icio.us,Female,Senior Developer
376,Jase,Airlie,jairlieaf@artisteer.com,Male,Pharmacist
377,Hortensia,O' Mara,homaraag@ebay.com,Female,Account Representative I
378,Osgood,Paolozzi,opaolozziah@economist.com,Male,Director of Sales
379,Janean,Itzchaki,jitzchakiai@canalblog.com,Female,Account Representative I
380,Gianni,Darlow,gdarlowaj@globo.com,Male,Information Systems Manager
381,Tina,Gregoretti,tgregorettiak@blinklist.com,Female,Structural Analysis Engineer
382,Consalve,Douris,cdourisal@dailymail.co.uk,Non-binary,Budget/Accounting Analyst I
383,Terrel,Muselli,tmuselliam@phoca.cz,Male,Design Engineer
384,Niko,Eskriet,neskrietan@howstuffworks.com,Male,GIS Technical Architect
385,Elfreda,Rooper,erooperao@oaic.gov.au,Female,Systems Administrator III
386,Nicholle,Stollen,nstollenap@mtv.com,Female,Nuclear Power Engineer
387,Heall,Ryan,hryanaq@youku.com,Male,Biostatistician I
388,Nealon,Riccardi,nriccardiar@cnn.com,Male,Systems Administrator III
389,Thorpe,Booley,tbooleyas@1und1.de,Male,Teacher
390,Shaun,Carren,scarrenat@surveymonkey.com,Female,Staff Accountant II
391,Isaak,Magwood,imagwoodau@pinterest.com,Male,Technical Writer
392,Quentin,Roche,qrocheav@google.com.br,Female,Senior Editor
393,Tiffani,Spellar,tspellaraw@washingtonpost.com,Genderqueer,Senior Quality Engineer
394,Paule,Leuchars,pleucharsax@gizmodo.com,Female,Budget/Accounting Analyst I
395,Aeriel,O'Neal,aonealay@stanford.edu,Female,Assistant Professor
396,Zollie,Purselowe,zpurseloweaz@addthis.com,Male,Tax Accountant
397,Pietro,Bartzen,pbartzenb0@timesonline.co.uk,Male,Electrical Engineer
398,Giacopo,Malcher,gmalcherb1@cyberchimps.com,Genderfluid,Speech Pathologist
399,Vinny,Denver,vdenverb2@whitehouse.gov,Female,Assistant Professor
400,Ellswerth,Tumbridge,etumbridgeb3@xrea.com,Male,Speech Pathologist
401,Keelby,Glamart,kglamartb4@google.ca,Bigender,Desktop Support Technician
402,Edna,Dennehy,edennehyb5@wikimedia.org,Genderqueer,Nurse
403,Gareth,Stork,gstorkb6@marriott.com,Male,VP Quality Control
404,Louise,Holehouse,lholehouseb7@hibu.com,Genderfluid,Help Desk Technician
405,Aloysius,Goracci,agoraccib8@buzzfeed.com,Male,Registered Nurse
406,Shaun,Friedank,sfriedankb9@lulu.com,Male,Electrical Engineer
407,Parnell,Honig,phonigba@hhs.gov,Male,Librarian
408,Jarrad,Van Niekerk,jvanniekerkbb@icio.us,Male,Budget/Accounting Analyst IV
409,De,Yurchishin,dyurchishinbc@angelfire.com,Female,Quality Control Specialist
410,Jade,Longshaw,jlongshawbd@ft.com,Female,Programmer Analyst IV
411,Roderic,Duffet,rduffetbe@symantec.com,Male,Marketing Assistant
412,Genia,Tyre,gtyrebf@jalbum.net,Female,Senior Financial Analyst
413,Perren,Brome,pbromebg@elpais.com,Male,Administrative Officer
414,Noah,Lalley,nlalleybh@vk.com,Male,Nurse
415,Frazer,Yeatman,fyeatmanbi@berkeley.edu,Genderqueer,Information Systems Manager
416,Dorolisa,Southwick,dsouthwickbj@wufoo.com,Female,Senior Quality Engineer
417,Iain,Scuse,iscusebk@globo.com,Male,Quality Control Specialist
418,Frederica,Murdy,fmurdybl@booking.com,Female,Help Desk Technician
419,Ryann,Ollarenshaw,rollarenshawbm@php.net,Female,Account Representative II
420,Erminia,Veschambes,eveschambesbn@nytimes.com,Female,General Manager
421,Barret,Copnall,bcopnallbo@prweb.com,Non-binary,Speech Pathologist
422,Sam,Cordeux,scordeuxbp@ocn.ne.jp,Male,Account Representative I
423,Zuzana,Rawstorn,zrawstornbq@stanford.edu,Female,Teacher
424,Garrick,Livingston,glivingstonbr@answers.com,Male,Senior Cost Accountant
425,Mic,Dollen,mdollenbs@dyndns.org,Male,Engineer II
426,Devan,Grizard,dgrizardbt@live.com,Female,Help Desk Technician
427,Caitrin,Chesser,cchesserbu@people.com.cn,Female,Legal Assistant
428,Wandis,Scurrer,wscurrerbv@yahoo.com,Female,Office Assistant IV
429,Lurette,Conibeer,lconibeerbw@diigo.com,Female,Help Desk Operator
430,Darline,Fogg,dfoggbx@tmall.com,Female,Tax Accountant
431,Loydie,Hutcheon,lhutcheonby@reuters.com,Male,Director of Sales
432,Anna-diana,Oldfield,aoldfieldbz@1und1.de,Female,Senior Sales Associate
433,Norbert,Deveral,ndeveralc0@amazonaws.com,Male,Chemical Engineer
434,Emili,Stiller,estillerc1@github.io,Female,Technical Writer
435,Merrilee,Fancutt,mfancuttc2@github.com,Female,Nurse Practicioner
436,Odo,Robbins,orobbinsc3@sphinn.com,Genderfluid,Mechanical Systems Engineer
437,Chad,Froud,cfroudc4@nasa.gov,Male,Recruiting Manager
438,Lew,Tures,lturesc5@cloudflare.com,Male,Web Developer IV
439,Rodi,Mityukov,rmityukovc6@themeforest.net,Female,Computer Systems Analyst IV
440,Vivianne,Kittiman,vkittimanc7@sfgate.com,Female,Pharmacist
441,Jesse,Cholmondeley,jcholmondeleyc8@networkadvertising.org,Female,Administrative Officer
442,Tina,Shankster,tshanksterc9@nps.gov,Female,Research Nurse
443,Joelle,Letts,jlettsca@twitter.com,Female,Speech Pathologist
444,Ruthie,Beszant,rbeszantcb@fema.gov,Female,VP Quality Control
445,Catie,Gaiger,cgaigercc@intel.com,Female,Engineer III
446,Aloise,Vasyutichev,avasyutichevcd@diigo.com,Female,Research Associate
447,Janna,Scroggie,jscroggiece@behance.net,Female,Marketing Assistant
448,Vinson,Ivashinnikov,vivashinnikovcf@chron.com,Male,Sales Representative
449,Ephrayim,Snodin,esnodincg@businesswire.com,Male,Geologist IV
450,Violet,Legge,vleggech@examiner.com,Female,Financial Analyst
451,Christabella,Corbould,ccorbouldci@smugmug.com,Female,Automation Specialist IV
452,Georgeta,Cummine,gcumminecj@state.tx.us,Female,Automation Specialist III
453,Doralynne,Inchboard,dinchboardck@ihg.com,Female,Administrative Officer
454,Adore,Metheringham,ametheringhamcl@quantcast.com,Female,Systems Administrator III
455,Laural,Kitcher,lkitchercm@mediafire.com,Non-binary,Editor
456,Alfreda,Haggerston,ahaggerstoncn@sakura.ne.jp,Female,Physical Therapy Assistant
457,Dario,Mandre,dmandreco@pen.io,Male,Food Chemist
458,Gayler,Duckham,gduckhamcp@pagesperso-orange.fr,Male,VP Marketing
459,Baxter,Lodewick,blodewickcq@vkontakte.ru,Male,GIS Technical Architect
460,Dalila,Trewhitt,dtrewhittcr@virginia.edu,Genderfluid,Senior Quality Engineer
461,Edmund,Selly,esellycs@ucla.edu,Polygender,Junior Executive
462,Alfy,Longthorn,alongthornct@ifeng.com,Male,Recruiter
463,Derek,Boobier,dboobiercu@typepad.com,Male,Executive Secretary
464,Kristin,Rustich,krustichcv@nifty.com,Non-binary,Financial Analyst
465,Andie,Malley,amalleycw@creativecommons.org,Genderfluid,Human Resources Assistant I
466,Stanton,Chaffe,schaffecx@google.pl,Male,Human Resources Manager
467,Jarrad,Bemrose,jbemrosecy@guardian.co.uk,Male,Senior Developer
468,Yoshi,Laydon,ylaydoncz@hostgator.com,Female,Chemical Engineer
469,Salim,Lancaster,slancasterd0@facebook.com,Agender,Engineer III
470,Ashien,Tennock,atennockd1@ifeng.com,Female,Web Developer II
471,Reg,Aguirre,raguirred2@amazon.co.jp,Male,Speech Pathologist
472,Micheil,Houlden,mhouldend3@boston.com,Male,Senior Sales Associate
473,Eddie,Rockey,erockeyd4@live.com,Female,Senior Developer
474,Desmond,Mowne,dmowned5@github.com,Male,Software Test Engineer I
475,Gradeigh,Bracher,gbracherd6@google.co.uk,Male,Occupational Therapist
476,Dewie,Frome,dfromed7@foxnews.com,Male,Help Desk Technician
477,Zara,Ovendale,zovendaled8@unesco.org,Female,Help Desk Technician
478,Merrili,Bootton,mboottond9@si.edu,Female,VP Marketing
479,Zorah,Urry,zurryda@boston.com,Female,Web Developer III
480,Barton,Lovering,bloveringdb@reverbnation.com,Male,Data Coordinator
481,Shellysheldon,Espasa,sespasadc@imageshack.us,Male,Chemical Engineer
482,Gareth,Forster,gforsterdd@vk.com,Male,Nuclear Power Engineer
483,Roldan,Itshak,ritshakde@etsy.com,Male,Senior Editor
484,Leora,Prangle,lprangledf@godaddy.com,Female,Recruiting Manager
485,Ysabel,Shimman,yshimmandg@dot.gov,Female,Dental Hygienist
486,Lucie,Ceschelli,lceschellidh@creativecommons.org,Female,Dental Hygienist
487,Brander,Spoerl,bspoerldi@senate.gov,Male,Statistician II
488,Gisella,Opdenort,gopdenortdj@trellian.com,Female,Budget/Accounting Analyst I
489,Sherri,Rignold,srignolddk@rambler.ru,Female,Office Assistant I
490,Fletcher,Hanselmann,fhanselmanndl@disqus.com,Male,Marketing Manager
491,Shannan,Drohane,sdrohanedm@mail.ru,Male,Actuary
492,Silas,Moses,smosesdn@harvard.edu,Male,Recruiter
493,Mose,Gawne,mgawnedo@google.cn,Male,Systems Administrator II
494,Sonny,Davydenko,sdavydenkodp@epa.gov,Male,Food Chemist
495,Megan,Law,mlawdq@latimes.com,Female,Environmental Specialist
496,Shalna,Coughan,scoughandr@dailymail.co.uk,Female,Executive Secretary
497,Anet,Housden,ahousdends@goodreads.com,Female,Safety Technician III
498,Bella,Loadwick,bloadwickdt@yale.edu,Female,Compensation Analyst
499,Quincey,Braywood,qbraywooddu@google.com.br,Male,Assistant Manager
500,Shea,Handke,shandkedv@about.me,Bigender,Chief Design Engineer
501,Cort,Genery,cgenerydw@ebay.co.uk,Male,Help Desk Operator
502,Leigha,Howkins,lhowkinsdx@buzzfeed.com,Female,Sales Associate
503,Rayna,Gummery,rgummerydy@exblog.jp,Female,Nurse
504,Kimble,Chaplyn,kchaplyndz@bing.com,Male,VP Marketing
505,Alvinia,Garm,agarme0@addthis.com,Female,Marketing Assistant
506,Vite,Acors,vacorse1@spiegel.de,Male,Librarian
507,Taryn,Gentile,tgentilee2@webeden.co.uk,Female,Senior Quality Engineer
508,Danette,Cripin,dcripine3@blogs.com,Female,Professor
509,Cchaddie,Renvoise,crenvoisee4@geocities.com,Polygender,Social Worker
510,Janine,McIsaac,jmcisaace5@bloomberg.com,Female,Automation Specialist II
511,Rosaleen,Broodes,rbroodese6@npr.org,Female,VP Quality Control
512,Benedicta,Windress,bwindresse7@slashdot.org,Female,Nurse
513,Margarete,Curry,mcurrye8@blinklist.com,Female,Pharmacist
514,Chen,Lathaye,clathayee9@forbes.com,Genderfluid,Chief Design Engineer
515,Gray,Berston,gberstonea@ovh.net,Male,Internal Auditor
516,Joane,Megson,jmegsoneb@home.pl,Female,Software Engineer IV
517,Gertruda,Popham,gpophamec@lulu.com,Female,Teacher
518,Nero,Storm,nstormed@dyndns.org,Male,Speech Pathologist
519,Adamo,Elstob,aelstobee@scribd.com,Male,Social Worker
520,Annnora,Getsham,agetshamef@cnn.com,Female,Financial Analyst
521,Filmer,Marsters,fmarsterseg@posterous.com,Male,Director of Sales
522,Tommy,Alvey,talveyeh@cbc.ca,Female,Programmer Analyst I
523,Gail,Bollins,gbollinsei@sun.com,Female,Marketing Manager
524,Sue,Backler,sbacklerej@myspace.com,Female,Librarian
525,Carlo,Gustus,cgustusek@netvibes.com,Male,Systems Administrator III
526,Raye,Ramelet,rrameletel@vimeo.com,Female,Health Coach III
527,Shaylyn,Backhouse,sbackhouseem@hubpages.com,Female,GIS Technical Architect
528,Page,Kewley,pkewleyen@jimdo.com,Male,Nurse Practicioner
529,Oralle,Felgate,ofelgateeo@ed.gov,Female,Paralegal
530,Berkly,Yurenev,byurenevep@wikia.com,Male,Marketing Assistant
531,Ricardo,Celler,rcellereq@livejournal.com,Male,Developer II
532,Valaree,Dankov,vdankover@fastcompany.com,Female,Legal Assistant
533,Druci,Stollenwerck,dstollenwerckes@redcross.org,Female,Safety Technician IV
534,Thorny,ducarme,tducarmeet@example.com,Male,Account Representative IV
535,Marigold,Coules,mcouleseu@soundcloud.com,Female,Budget/Accounting Analyst I
536,Lida,Gawthorpe,lgawthorpeev@cdbaby.com,Female,Administrative Assistant IV
537,Moss,Licciardi,mlicciardiew@ed.gov,Male,Research Associate
538,Thorvald,Guymer,tguymerex@ed.gov,Male,Media Manager IV
539,Padgett,Langshaw,plangshawey@imageshack.us,Non-binary,Senior Editor
540,Gussie,Hassell,ghassellez@drupal.org,Genderfluid,Clinical Specialist
541,Garry,Kolczynski,gkolczynskif0@java.com,Male,Environmental Tech
542,Rufus,Trase,rtrasef1@imgur.com,Male,Software Consultant
543,Tedie,Panting,tpantingf2@telegraph.co.uk,Male,Financial Analyst
544,Humphrey,Dymond,hdymondf3@1und1.de,Male,Project Manager
545,Hazel,Josowitz,hjosowitzf4@geocities.com,Male,Research Associate
546,Alvy,Brotheridge,abrotheridgef5@hexun.com,Male,Geologist IV
547,Karlens,Adrien,kadrienf6@bloglines.com,Male,Software Consultant
548,Hernando,Margaret,hmargaretf7@zdnet.com,Male,Computer Systems Analyst I
549,Wendi,Hebblewaite,whebblewaitef8@intel.com,Bigender,Help Desk Operator
550,Roosevelt,Folomin,rfolominf9@sciencedaily.com,Genderqueer,Paralegal
551,Clementina,Cluet,ccluetfa@fema.gov,Female,Office Assistant II
552,Filippa,Cudby,fcudbyfb@newyorker.com,Female,Analyst Programmer
553,Christophe,Winser,cwinserfc@google.ca,Male,Marketing Assistant
554,Yvor,Wadforth,ywadforthfd@live.com,Male,Librarian
555,Heindrick,Dubery,hduberyfe@bravesites.com,Male,Nurse
556,Windy,Hugenin,whugeninff@cornell.edu,Female,Media Manager I
557,Kienan,Glasebrook,kglasebrookfg@businesswire.com,Male,Software Test Engineer II
558,Dominga,Notley,dnotleyfh@1und1.de,Female,VP Accounting
559,Meyer,Diffley,mdiffleyfi@weather.com,Male,Automation Specialist IV
560,Karina,Cornely,kcornelyfj@ucoz.ru,Female,Geological Engineer
561,Elka,Kopelman,ekopelmanfk@4shared.com,Female,Product Engineer
562,Matthew,Heninghem,mheninghemfl@photobucket.com,Male,Structural Analysis Engineer
563,Richardo,Cartledge,rcartledgefm@cocolog-nifty.com,Male,Executive Secretary
564,Caitlin,Wilkisson,cwilkissonfn@nasa.gov,Bigender,General Manager
565,Charlotta,Antoshin,cantoshinfo@wikispaces.com,Female,Editor
566,Kylen,Lillecrop,klillecropfp@furl.net,Female,Assistant Manager
567,Pincus,Flott,pflottfq@ning.com,Male,Assistant Manager
568,Alley,Lidierth,alidierthfr@hostgator.com,Male,Nuclear Power Engineer
569,Alec,Loader,aloaderfs@auda.org.au,Male,Junior Executive
570,Biddy,Tuberfield,btuberfieldft@nymag.com,Female,Software Consultant
571,Silas,Cleft,scleftfu@ask.com,Male,Chemical Engineer
572,Marcia,Pawlowicz,mpawlowiczfv@cam.ac.uk,Female,Senior Financial Analyst
573,Gelya,Lafford,glaffordfw@baidu.com,Female,Information Systems Manager
574,Alena,Ville,avillefx@uol.com.br,Female,Statistician IV
575,Mufi,Aicheson,maichesonfy@ca.gov,Bigender,VP Accounting
576,Celestia,Brentnall,cbrentnallfz@virginia.edu,Female,Professor
577,Patrica,Toolin,ptooling0@hibu.com,Female,Financial Advisor
578,Ida,Corter,icorterg1@yellowbook.com,Female,Tax Accountant
579,Raynard,Dorricott,rdorricottg2@businessweek.com,Male,Dental Hygienist
580,Norbie,Howorth,nhoworthg3@dedecms.com,Male,Sales Associate
581,Becky,Audrey,baudreyg4@cam.ac.uk,Female,Quality Engineer
582,Tedd,O'Neal,tonealg5@cmu.edu,Male,Cost Accountant
583,Bertie,Grinham,bgrinhamg6@artisteer.com,Male,Programmer III
584,Raffaello,Hutchin,rhutching7@jimdo.com,Male,Administrative Officer
585,Marlene,Phinnis,mphinnisg8@freewebs.com,Female,Budget/Accounting Analyst IV
586,Alford,Brace,abraceg9@nps.gov,Male,Junior Executive
587,Elsi,Knowlson,eknowlsonga@facebook.com,Female,Associate Professor
588,Nilson,Oiller,noillergb@acquirethisname.com,Male,Accountant II
589,Hastie,Dodds,hdoddsgc@youtube.com,Male,Junior Executive
590,Angelique,Rieme,ariemegd@businessweek.com,Genderqueer,Nuclear Power Engineer
591,Sam,Baynes,sbaynesge@prlog.org,Female,Design Engineer
592,Gayle,Michallat,gmichallatgf@ehow.com,Female,Senior Editor
593,Lindsay,Gillett,lgillettgg@mysql.com,Male,Help Desk Operator
594,Britt,Breese,bbreesegh@digg.com,Female,Accountant III
595,Muhammad,Van,mvangi@pinterest.com,Male,Research Associate
596,Rudd,Relf,rrelfgj@ow.ly,Male,Marketing Manager
597,Katina,Scripture,kscripturegk@google.cn,Genderfluid,Biostatistician III
598,Lorinda,Doulton,ldoultongl@ow.ly,Bigender,Financial Analyst
599,Wildon,Dochon,wdochongm@howstuffworks.com,Male,Help Desk Technician
600,Nannette,Booth-Jarvis,nboothjarvisgn@slate.com,Female,Assistant Manager
601,Wilhelmina,Tayt,wtaytgo@alexa.com,Female,Marketing Assistant
602,Brena,Borman,bbormangp@yahoo.com,Female,Sales Associate
603,Jerrie,Sabbins,jsabbinsgq@apple.com,Male,Physical Therapy Assistant
604,Henka,Ibbison,hibbisongr@webs.com,Female,Nuclear Power Engineer
605,Fawne,Bunten,fbuntengs@mail.ru,Female,Account Coordinator
606,Jacinthe,McCulley,jmcculleygt@ucoz.ru,Genderqueer,Editor
607,Alejandro,Mourant,amourantgu@hexun.com,Male,Internal Auditor
608,Laird,Nutton,lnuttongv@opensource.org,Genderfluid,Assistant Professor
609,Brewster,Ghidoni,bghidonigw@pagesperso-orange.fr,Male,Engineer I
610,Stefanie,Harsnipe,sharsnipegx@techcrunch.com,Female,Product Engineer
611,Verile,Ten Broek,vtenbroekgy@facebook.com,Female,Technical Writer
612,Inessa,Luxford,iluxfordgz@simplemachines.org,Female,Quality Engineer
613,Daune,Ilive,diliveh0@google.com.hk,Female,Graphic Designer
614,Gwennie,Roz,grozh1@princeton.edu,Female,Safety Technician III
615,Nettle,Smallsman,nsmallsmanh2@printfriendly.com,Female,Help Desk Technician
616,Eustacia,Paolino,epaolinoh3@google.ru,Female,Assistant Manager
617,Timothy,Botfield,tbotfieldh4@merriam-webster.com,Polygender,Nuclear Power Engineer
618,Leanor,Scamwell,lscamwellh5@skyrock.com,Female,Web Developer I
619,Amelita,Snead,asneadh6@gizmodo.com,Female,Professor
620,Blanch,Gregori,bgregorih7@seesaa.net,Agender,Staff Scientist
621,Patty,Borgnet,pborgneth8@alexa.com,Male,Research Associate
622,Jaquenette,Georgiev,jgeorgievh9@dot.gov,Bigender,Geologist I
623,Thorin,Trunks,ttrunksha@nih.gov,Male,Senior Financial Analyst
624,Sissie,Lowde,slowdehb@army.mil,Female,Safety Technician IV
625,Dallon,Ovendon,dovendonhc@washington.edu,Male,Compensation Analyst
626,Marcia,Monier,mmonierhd@ask.com,Female,Physical Therapy Assistant
627,Brewer,Chopy,bchopyhe@dion.ne.jp,Male,Social Worker
628,Hilary,Jephson,hjephsonhf@blogger.com,Non-binary,Software Engineer III
629,Iggie,Alyutin,ialyutinhg@mac.com,Male,Media Manager I
630,Dale,Lawler,dlawlerhh@sfgate.com,Female,Actuary
631,Vonnie,Davenhill,vdavenhillhi@weebly.com,Female,Tax Accountant
632,Torin,Caig,tcaighj@hexun.com,Male,Financial Analyst
633,Brynne,Wintringham,bwintringhamhk@google.ru,Female,Compensation Analyst
634,Hadleigh,Girard,hgirardhl@howstuffworks.com,Male,VP Accounting
635,Frazer,Costard,fcostardhm@cdc.gov,Male,Senior Editor
636,Rivi,Fenney,rfenneyhn@vkontakte.ru,Female,Research Nurse
637,Regen,Piatek,rpiatekho@pcworld.com,Male,Administrative Officer
638,Mellie,Hurren,mhurrenhp@nbcnews.com,Female,Quality Engineer
639,Collin,Folbige,cfolbigehq@furl.net,Male,Mechanical Systems Engineer
640,Lira,Andretti,landrettihr@stanford.edu,Female,VP Accounting
641,Constantino,McCurdy,cmccurdyhs@gmpg.org,Male,Chemical Engineer
642,Marga,Hullah,mhullahht@ovh.net,Female,Web Designer IV
643,Tate,Golden,tgoldenhu@nps.gov,Female,Geologist III
644,Aguie,Imos,aimoshv@odnoklassniki.ru,Male,Operator
645,Florenza,Badham,fbadhamhw@dagondesign.com,Female,Librarian
646,Antonino,Mayfield,amayfieldhx@sun.com,Male,Programmer II
647,Gilbertina,Hitzmann,ghitzmannhy@columbia.edu,Female,GIS Technical Architect
648,Jonathan,Whorall,jwhorallhz@webnode.com,Male,Administrative Officer
649,Zaria,Whiteley,zwhiteleyi0@msu.edu,Female,Civil Engineer
650,Clemmie,Haddinton,chaddintoni1@twitter.com,Male,Recruiter
651,Freddy,Relph,frelphi2@slashdot.org,Male,Social Worker
652,Merle,Elleton,melletoni3@earthlink.net,Male,Research Nurse
653,Theda,Delacourt,tdelacourti4@godaddy.com,Female,Statistician IV
654,Genovera,Morant,gmoranti5@hatena.ne.jp,Female,Chemical Engineer
655,Jimmy,Blaby,jblabyi6@godaddy.com,Male,VP Accounting
656,Saxe,Lindborg,slindborgi7@imageshack.us,Male,VP Product Management
657,Klement,Hamments,khammentsi8@histats.com,Male,Social Worker
658,Gianina,Hartington,ghartingtoni9@amazon.co.jp,Female,Registered Nurse
659,Rozele,Harewood,rharewoodia@newyorker.com,Female,Community Outreach Specialist
660,Cass,Eastope,ceastopeib@amazon.co.uk,Male,Assistant Manager
661,Laina,Press,lpressic@livejournal.com,Female,Director of Sales
662,Elton,Glidden,egliddenid@netscape.com,Genderqueer,Paralegal
663,Ole,Swindell,oswindellie@ebay.com,Male,VP Sales
664,Lucas,Riggert,lriggertif@digg.com,Male,Geologist IV
665,Deedee,Gretton,dgrettonig@altervista.org,Female,VP Quality Control
666,Lorens,Zamora,lzamoraih@netlog.com,Male,Nurse
667,Alasdair,Greenland,agreenlandii@npr.org,Male,Programmer I
668,Emmalynn,Luttger,eluttgerij@ustream.tv,Female,Civil Engineer
669,Gus,Loud,gloudik@utexas.edu,Male,Chemical Engineer
670,Hoyt,Linturn,hlinturnil@netlog.com,Male,Statistician II
671,Noll,Nann,nnannim@columbia.edu,Male,Help Desk Operator
672,Suzanna,Pinson,spinsonin@goodreads.com,Agender,Help Desk Technician
673,Sileas,Fasler,sfaslerio@t.co,Female,Assistant Manager
674,Rowen,Purselow,rpurselowip@go.com,Male,Accountant IV
675,Nappie,Castagna,ncastagnaiq@cisco.com,Bigender,Staff Accountant III
676,Erhart,Boken,ebokenir@over-blog.com,Genderfluid,VP Product Management
677,Halette,Maciejewski,hmaciejewskiis@jalbum.net,Female,Software Consultant
678,Marielle,Vaillant,mvaillantit@zimbio.com,Female,Registered Nurse
679,Roslyn,Hopfer,rhopferiu@simplemachines.org,Female,Pharmacist
680,Lauralee,Dowbiggin,ldowbigginiv@chicagotribune.com,Female,Analyst Programmer
681,Eleen,Whellans,ewhellansiw@zimbio.com,Female,Research Assistant II
682,Nick,Lynock,nlynockix@blogtalkradio.com,Male,Speech Pathologist
683,Rolph,Canto,rcantoiy@dion.ne.jp,Male,GIS Technical Architect
684,Stuart,Segebrecht,ssegebrechtiz@baidu.com,Male,Geologist IV
685,Dwight,Gillise,dgillisej0@fotki.com,Male,Graphic Designer
686,Gustavo,Jillins,gjillinsj1@bing.com,Genderfluid,General Manager
687,Urbanus,Currey,ucurreyj2@usgs.gov,Male,Desktop Support Technician
688,Kessiah,Stonall,kstonallj3@seesaa.net,Female,Senior Cost Accountant
689,Johnny,Burner,jburnerj4@baidu.com,Male,Help Desk Technician
690,Chucho,Lavell,clavellj5@army.mil,Male,Environmental Specialist
691,Nickie,Saw,nsawj6@vkontakte.ru,Female,Geologist III
692,Keri,Tubridy,ktubridyj7@nyu.edu,Female,Developer IV
693,Huntlee,Kitcat,hkitcatj8@disqus.com,Male,Software Engineer II
694,Magnum,Trask,mtraskj9@mysql.com,Male,Senior Financial Analyst
695,Meir,Pulver,mpulverja@blogger.com,Male,Help Desk Operator
696,Gordie,Northcliffe,gnorthcliffejb@wikia.com,Male,Developer II
697,Mannie,Stennine,mstenninejc@dion.ne.jp,Male,Programmer III
698,Leopold,MacPaden,lmacpadenjd@cnet.com,Male,Teacher
699,Bethany,Tolley,btolleyje@xinhuanet.com,Female,Internal Auditor
700,Gal,Bauldrey,gbauldreyjf@timesonline.co.uk,Male,Desktop Support Technician
701,Sena,Cleaton,scleatonjg@friendfeed.com,Female,Automation Specialist III
702,Claybourne,D'Arrigo,cdarrigojh@moonfruit.com,Male,Administrative Officer
703,Cirstoforo,Dressell,cdressellji@exblog.jp,Male,Physical Therapy Assistant
704,Fay,Callington,fcallingtonjj@tumblr.com,Female,General Manager
705,Alf,Carlisso,acarlissojk@wiley.com,Male,Safety Technician I
706,Veronica,Twinn,vtwinnjl@shutterfly.com,Female,Help Desk Operator
707,Reggie,Pattini,rpattinijm@google.co.jp,Male,Software Engineer III
708,Eb,Hodinton,ehodintonjn@webeden.co.uk,Male,Business Systems Development Analyst
709,Alysia,Kabsch,akabschjo@nasa.gov,Female,Clinical Specialist
710,Ange,Tanman,atanmanjp@admin.ch,Male,Software Test Engineer I
711,Hersch,Gronav,hgronavjq@smugmug.com,Male,Internal Auditor
712,Shirline,Ivimy,sivimyjr@com.com,Non-binary,Human Resources Assistant IV
713,Kenton,Waszczykowski,kwaszczykowskijs@washingtonpost.com,Male,Senior Sales Associate
714,Oren,Parsisson,oparsissonjt@reverbnation.com,Agender,Food Chemist
715,Gill,Lovelady,gloveladyju@ezinearticles.com,Female,Assistant Professor
716,Yuma,Balle,yballejv@umich.edu,Agender,Staff Scientist
717,Nikola,Dorling,ndorlingjw@marriott.com,Male,Administrative Officer
718,Reena,Jannings,rjanningsjx@privacy.gov.au,Female,Geologist III
719,Clementina,Kleinstern,ckleinsternjy@blogger.com,Female,Environmental Tech
720,Gunner,Assad,gassadjz@vinaora.com,Male,Tax Accountant
721,Sutton,Korpal,skorpalk0@ask.com,Male,Structural Engineer
722,Jenni,Kondrat,jkondratk1@cargocollective.com,Female,VP Accounting
723,Lanie,Taysbil,ltaysbilk2@washington.edu,Female,Environmental Tech
724,Crista,Wolfers,cwolfersk3@bloglovin.com,Female,Executive Secretary
725,Addy,Houten,ahoutenk4@hibu.com,Male,Graphic Designer
726,Kylila,McGirr,kmcgirrk5@cocolog-nifty.com,Female,Senior Quality Engineer
727,Skipton,Bartrop,sbartropk6@youtu.be,Male,Junior Executive
728,Leia,Britner,lbritnerk7@aboutads.info,Female,Senior Developer
729,Beltran,Rockwell,brockwellk8@furl.net,Bigender,Registered Nurse
730,Alexis,Caudell,acaudellk9@artisteer.com,Male,Technical Writer
731,Lilyan,Allebone,lalleboneka@squarespace.com,Female,Staff Scientist
732,Sawyer,Willmott,swillmottkb@barnesandnoble.com,Male,Chief Design Engineer
733,Perrine,Kocher,pkocherkc@stanford.edu,Female,Senior Quality Engineer
734,Robert,MacLardie,rmaclardiekd@google.de,Male,Tax Accountant
735,Gates,Armin,garminke@epa.gov,Female,Cost Accountant
736,Maryann,Enoksson,menokssonkf@reverbnation.com,Female,Analyst Programmer
737,Demetri,Forbear,dforbearkg@dyndns.org,Male,Nurse
738,Brandon,Greenroa,bgreenroakh@a8.net,Male,Senior Quality Engineer
739,Gus,Starie,gstarieki@flickr.com,Genderqueer,Executive Secretary
740,Lyn,Butterick,lbutterickkj@utexas.edu,Male,Software Test Engineer IV
741,Fredi,Crunkhorn,fcrunkhornkk@blinklist.com,Female,Professor
742,Minor,Westcot,mwestcotkl@prweb.com,Male,GIS Technical Architect
743,Sallyanne,Baggallay,sbaggallaykm@illinois.edu,Female,Legal Assistant
744,Gabriell,Dudny,gdudnykn@wix.com,Female,Senior Cost Accountant
745,Dniren,Welman,dwelmanko@bbb.org,Female,Marketing Assistant
746,Katusha,Kelner,kkelnerkp@yandex.ru,Female,Assistant Media Planner
747,Tome,Freen,tfreenkq@businessinsider.com,Agender,Geological Engineer
748,Eugenia,Roark,eroarkkr@phoca.cz,Female,VP Product Management
749,Leon,Chelam,lchelamks@squidoo.com,Male,Analyst Programmer
750,Yancey,Clohissy,yclohissykt@twitter.com,Male,Senior Financial Analyst
751,Kiri,Witten,kwittenku@posterous.com,Female,Pharmacist
752,Guthrey,Blanch,gblanchkv@businessweek.com,Male,Occupational Therapist
753,Ellwood,Swede,eswedekw@loc.gov,Male,Executive Secretary
754,Margery,Gamlen,mgamlenkx@yandex.ru,Female,Associate Professor
755,Roderick,Rand,rrandky@list-manage.com,Male,Sales Associate
756,Vivianna,Beardwood,vbeardwoodkz@usa.gov,Female,Biostatistician I
757,Saloma,Storrah,sstorrahl0@rediff.com,Female,Civil Engineer
758,Dallas,Garnam,dgarnaml1@ca.gov,Genderfluid,Geologist II
759,Joela,Powdrell,jpowdrelll2@smh.com.au,Female,Systems Administrator III
760,Horatio,Asch,haschl3@google.de,Bigender,Computer Systems Analyst I
761,Arie,Rosier,arosierl4@sitemeter.com,Male,Senior Quality Engineer
762,Peria,Ivens,pivensl5@state.gov,Female,Cost Accountant
763,Cyrillus,Dummer,cdummerl6@prweb.com,Male,Project Manager
764,Riannon,MacNeice,rmacneicel7@latimes.com,Bigender,Budget/Accounting Analyst III
765,Gail,Conyard,gconyardl8@berkeley.edu,Male,Research Nurse
766,Karie,Docwra,kdocwral9@mayoclinic.com,Female,Senior Cost Accountant
767,Dulcy,Duffyn,dduffynla@hud.gov,Non-binary,Web Designer III
768,Cody,Littlemore,clittlemorelb@nbcnews.com,Genderfluid,VP Quality Control
769,Charmane,Borgesio,cborgesiolc@webeden.co.uk,Female,Project Manager
770,Lanae,Tewelson,ltewelsonld@wiley.com,Female,Software Consultant
771,Ban,Ciccoloi,bciccoloile@fda.gov,Male,Database Administrator II
772,Archambault,Kahan,akahanlf@prnewswire.com,Male,Project Manager
773,Frederich,Frascone,ffrasconelg@altervista.org,Male,Nurse Practicioner
774,Hadria,Dunnico,hdunnicolh@people.com.cn,Female,Information Systems Manager
775,Rurik,Southerns,rsouthernsli@aboutads.info,Male,Legal Assistant
776,Meagan,Randals,mrandalslj@reddit.com,Female,VP Accounting
777,Emalia,Varden,evardenlk@people.com.cn,Female,Help Desk Technician
778,Greg,Rajchert,grajchertll@marriott.com,Male,Community Outreach Specialist
779,Hewe,De Bell,hdebelllm@nba.com,Male,Associate Professor
780,Dasha,Backman,dbackmanln@delicious.com,Female,Senior Quality Engineer
781,Albertina,Stenett,astenettlo@springer.com,Female,Senior Quality Engineer
782,Banky,Haulkham,bhaulkhamlp@patch.com,Bigender,Nuclear Power Engineer
783,Townie,Lathe,tlathelq@ft.com,Male,Desktop Support Technician
784,Morna,Kiff,mkifflr@hugedomains.com,Female,Accountant III
785,Mal,Duddy,mduddyls@cbslocal.com,Male,Budget/Accounting Analyst III
786,Didi,Cayford,dcayfordlt@google.de,Female,Civil Engineer
787,Jed,Borel,jborellu@godaddy.com,Male,Sales Representative
788,Inger,Mullaly,imullalylv@economist.com,Female,Junior Executive
789,Elbertine,Conley,econleylw@plala.or.jp,Female,Health Coach IV
790,Terza,Narraway,tnarrawaylx@ft.com,Female,VP Quality Control
791,Nicolai,Alelsandrovich,nalelsandrovichly@chron.com,Male,Occupational Therapist
792,Celesta,Lenham,clenhamlz@plala.or.jp,Female,Accountant IV
793,Marleah,Vassel,mvasselm0@sakura.ne.jp,Female,Staff Scientist
794,Vasily,Juszczyk,vjuszczykm1@desdev.cn,Male,Senior Editor
795,Chevy,Labat,clabatm2@phoca.cz,Male,Senior Cost Accountant
796,Tobiah,Sinkin,tsinkinm3@adobe.com,Male,Accountant II
797,Simon,Smowton,ssmowtonm4@cdc.gov,Male,Quality Engineer
798,Magdalene,Claus,mclausm5@livejournal.com,Female,Human Resources Assistant I
799,Garth,Winsiowiecki,gwinsiowieckim6@indiegogo.com,Male,Marketing Manager
800,Cassondra,Peddersen,cpeddersenm7@sohu.com,Female,Associate Professor
801,Wade,Witchell,wwitchellm8@yandex.ru,Male,Payment Adjustment Coordinator
802,Jamie,Medley,jmedleym9@oaic.gov.au,Male,Statistician III
803,Baird,Grigorkin,bgrigorkinma@purevolume.com,Male,Electrical Engineer
804,Antone,Ostridge,aostridgemb@answers.com,Male,Programmer IV
805,Sibley,Dutnall,sdutnallmc@ed.gov,Female,Senior Editor
806,Augustine,Bassilashvili,abassilashvilimd@techcrunch.com,Female,Mechanical Systems Engineer
807,Sheelagh,Capey,scapeyme@bing.com,Female,Analyst Programmer
808,Nancey,Alfonsini,nalfonsinimf@ameblo.jp,Female,Biostatistician II
809,Alfredo,Bowdon,abowdonmg@youku.com,Male,Staff Accountant II
810,Melli,Dinis,mdinismh@chron.com,Bigender,VP Quality Control
811,Daveta,Villaret,dvillaretmi@google.it,Female,Internal Auditor
812,Chrissie,MacCurlye,cmaccurlyemj@vk.com,Male,Research Assistant III
813,Steven,Aldhouse,saldhousemk@forbes.com,Polygender,Help Desk Operator
814,Wallas,Bonsul,wbonsulml@t-online.de,Male,Accounting Assistant III
815,Ashly,Urquhart,aurquhartmm@miibeian.gov.cn,Female,Research Assistant I
816,Lemmie,Elkin,lelkinmn@mediafire.com,Male,Staff Scientist
817,Yule,Bilfoot,ybilfootmo@yahoo.co.jp,Male,Engineer IV
818,Bay,Jenne,bjennemp@geocities.com,Male,Software Test Engineer IV
819,Albina,Kemmis,akemmismq@macromedia.com,Female,Nurse
820,Maddy,Rubinivitz,mrubinivitzmr@princeton.edu,Female,Account Coordinator
821,Ulrikaumeko,Di Filippo,udifilippoms@seattletimes.com,Female,VP Accounting
822,Obidiah,Overpool,ooverpoolmt@home.pl,Male,Information Systems Manager
823,Stewart,Styche,sstychemu@ustream.tv,Male,Software Engineer III
824,Aylmer,Fer,afermv@php.net,Bigender,Environmental Specialist
825,Dana,Sanham,dsanhammw@elpais.com,Male,Clinical Specialist
826,Edmund,Coggell,ecoggellmx@dailymotion.com,Male,Graphic Designer
827,Bear,Bernlin,bbernlinmy@skype.com,Male,General Manager
828,Giordano,Bozward,gbozwardmz@abc.net.au,Male,Business Systems Development Analyst
829,Carlo,Vernau,cvernaun0@washington.edu,Polygender,Tax Accountant
830,Jeanne,Corradengo,jcorradengon1@symantec.com,Female,Structural Engineer
831,Conny,Cord,ccordn2@deviantart.com,Genderqueer,Structural Engineer
832,Tracey,Hasson,thassonn3@ihg.com,Male,Senior Editor
833,Zachery,Threadgold,zthreadgoldn4@google.pl,Male,Research Nurse
834,Oriana,Diegan,odiegann5@printfriendly.com,Female,Senior Developer
835,Gibby,Pomfrett,gpomfrettn6@photobucket.com,Male,Structural Analysis Engineer
836,Daile,Wealthall,dwealthalln7@intel.com,Female,Financial Analyst
837,Ichabod,Harradine,iharradinen8@last.fm,Male,Junior Executive
838,Giorgio,Barthelemy,gbarthelemyn9@shareasale.com,Non-binary,Web Designer III
839,Wenonah,Nockells,wnockellsna@blogger.com,Female,Director of Sales
840,Meade,Archanbault,marchanbaultnb@washingtonpost.com,Female,Systems Administrator I
841,Emelyne,Ickowics,eickowicsnc@boston.com,Female,Analog Circuit Design manager
842,Garth,Llewelyn,gllewelynnd@imageshack.us,Male,Help Desk Operator
843,John,Domenichini,jdomenichinine@4shared.com,Male,Physical Therapy Assistant
844,Bonni,Fewell,bfewellnf@google.com.br,Female,Actuary
845,Jeanelle,Tuerena,jtuerenang@eepurl.com,Female,Media Manager II
846,Nada,Raitie,nraitienh@imgur.com,Female,Director of Sales
847,Kincaid,Gummery,kgummeryni@bandcamp.com,Male,Help Desk Operator
848,Lillis,Vequaud,lvequaudnj@odnoklassniki.ru,Female,Dental Hygienist
849,Gabriela,Bruyett,gbruyettnk@oracle.com,Polygender,Accountant I
850,Daphne,Menendez,dmenendeznl@hao123.com,Female,Food Chemist
851,Blanca,Sewards,bsewardsnm@about.com,Genderqueer,Statistician IV
852,Clark,Harriday,charridaynn@google.fr,Male,Occupational Therapist
853,Davis,DelaField,ddelafieldno@auda.org.au,Male,Speech Pathologist
854,Obadiah,Kimmel,okimmelnp@weather.com,Male,Design Engineer
855,Dwayne,Eplett,deplettnq@cmu.edu,Genderqueer,Recruiter
856,Bartholomeo,Kubek,bkubeknr@photobucket.com,Genderqueer,Legal Assistant
857,Viv,Eley,veleyns@google.co.jp,Female,Sales Representative
858,Caren,Ojeda,cojedant@who.int,Female,Paralegal
859,Jermaine,Irvin,jirvinnu@redcross.org,Female,Developer III
860,Maxwell,Peet,mpeetnv@nsw.gov.au,Male,Web Designer III
861,Jemimah,Wartonby,jwartonbynw@apache.org,Female,Senior Developer
862,Corilla,Aldis,caldisnx@sciencedaily.com,Female,Information Systems Manager
863,Sigismondo,Buddington,sbuddingtonny@newsvine.com,Male,Environmental Specialist
864,Dimitri,Salandino,dsalandinonz@blog.com,Male,Research Assistant III
865,Guilbert,O'Bradain,gobradaino0@pen.io,Male,Director of Sales
866,Annmaria,Begg,abeggo1@cnn.com,Female,Project Manager
867,Hailey,Keningley,hkeningleyo2@rakuten.co.jp,Male,Clinical Specialist
868,Anny,MacAndrew,amacandrewo3@sciencedirect.com,Female,Product Engineer
869,Ernst,Barnaclough,ebarnaclougho4@linkedin.com,Male,Structural Engineer
870,Lyssa,Sousa,lsousao5@barnesandnoble.com,Female,Associate Professor
871,Damien,Sterry,dsterryo6@netvibes.com,Male,VP Product Management
872,Danit,Clac,dclaco7@shutterfly.com,Female,Recruiting Manager
873,Angelique,Skippon,askippono8@wisc.edu,Female,Research Associate
874,Tasia,Harken,tharkeno9@comcast.net,Female,Help Desk Technician
875,Charlie,Wadworth,cwadworthoa@instagram.com,Male,Assistant Manager
876,Elizabeth,Defond,edefondob@ucla.edu,Female,GIS Technical Architect
877,Margalit,Starmer,mstarmeroc@quantcast.com,Female,Health Coach III
878,Wandis,Canas,wcanasod@uiuc.edu,Agender,Professor
879,Jerrylee,Adrian,jadrianoe@ezinearticles.com,Female,Account Executive
880,Gabby,McMearty,gmcmeartyof@cpanel.net,Male,Senior Cost Accountant
881,Felic,Betts,fbettsog@webs.com,Agender,Executive Secretary
882,Maressa,Loffel,mloffeloh@upenn.edu,Female,Cost Accountant
883,Dyna,Youngs,dyoungsoi@techcrunch.com,Agender,Research Assistant IV
884,Anthia,Nickels,anickelsoj@tripod.com,Female,Technical Writer
885,Erminie,Connop,econnopok@delicious.com,Female,Information Systems Manager
886,Eustace,Mayo,emayool@springer.com,Male,Business Systems Development Analyst
887,Farrell,Matuschek,fmatuschekom@skype.com,Male,Staff Scientist
888,Patrica,Pollicott,ppollicotton@purevolume.com,Female,Environmental Tech
889,Orelia,Shallcrass,oshallcrassoo@blogtalkradio.com,Female,Staff Scientist
890,Barnard,Hoult,bhoultop@smugmug.com,Male,Environmental Specialist
891,Ira,Mothersole,imothersoleoq@bloglines.com,Male,Analog Circuit Design manager
892,Kariotta,O'Neil,koneilor@elegantthemes.com,Female,Executive Secretary
893,Olympe,Fairs,ofairsos@biblegateway.com,Female,Legal Assistant
894,Eve,Calkin,ecalkinot@multiply.com,Female,Nuclear Power Engineer
895,Doreen,Bobasch,dbobaschou@ihg.com,Female,Cost Accountant
896,Antonino,Gartsyde,agartsydeov@naver.com,Male,Product Engineer
897,Farand,MacClancey,fmacclanceyow@house.gov,Female,VP Marketing
898,Deny,Meacher,dmeacherox@homestead.com,Female,Office Assistant III
899,Joscelin,Goaley,jgoaleyoy@jalbum.net,Female,Senior Developer
900,Graig,Patchett,gpatchettoz@sohu.com,Male,Occupational Therapist
901,Fletcher,Mayhead,fmayheadp0@opera.com,Male,Nurse Practicioner
902,Auberon,Arenson,aarensonp1@soup.io,Male,Account Coordinator
903,Gillian,Wisden,gwisdenp2@themeforest.net,Female,Account Representative IV
904,Leandra,Cantera,lcanterap3@imageshack.us,Female,Recruiting Manager
905,Willard,Le Estut,wleestutp4@mediafire.com,Male,Executive Secretary
906,Giacinta,Seavers,gseaversp5@github.com,Genderqueer,Senior Sales Associate
907,Georgina,Murney,gmurneyp6@de.vu,Female,Help Desk Technician
908,Matias,Gooms,mgoomsp7@marriott.com,Male,Statistician II
909,Marcos,Parlor,mparlorp8@webeden.co.uk,Male,Teacher
910,Hendrik,Dabner,hdabnerp9@indiegogo.com,Male,Help Desk Technician
911,Max,Baccas,mbaccaspa@parallels.com,Female,Administrative Assistant I
912,Brett,Piniur,bpiniurpb@toplist.cz,Male,Biostatistician III
913,Fitzgerald,Fleischmann,ffleischmannpc@statcounter.com,Male,Internal Auditor
914,Ruby,Stubbins,rstubbinspd@bravesites.com,Female,Operator
915,Hort,Reeders,hreederspe@dagondesign.com,Male,VP Marketing
916,Reuven,Loveitt,rloveittpf@tmall.com,Male,Librarian
917,Brannon,Popland,bpoplandpg@hhs.gov,Bigender,Assistant Professor
918,Jorgan,Quantrell,jquantrellph@trellian.com,Male,Nurse
919,Ileane,Eard,ieardpi@uol.com.br,Female,Programmer Analyst IV
920,Fredericka,Jotcham,fjotchampj@tamu.edu,Female,Senior Developer
921,Alleyn,Mosdill,amosdillpk@mac.com,Male,Environmental Specialist
922,Warde,Truin,wtruinpl@prweb.com,Male,Senior Sales Associate
923,Brooke,Antonescu,bantonescupm@discovery.com,Male,Statistician III
924,Jonell,Dionisetto,jdionisettopn@blogspot.com,Polygender,Technical Writer
925,Stillman,Chuter,schuterpo@howstuffworks.com,Male,Compensation Analyst
926,Michaeline,Delahunt,mdelahuntpp@technorati.com,Female,Help Desk Operator
927,Ekaterina,Flecknoe,eflecknoepq@xrea.com,Female,Speech Pathologist
928,Rorke,McComiskie,rmccomiskiepr@cmu.edu,Male,Engineer II
929,Nance,Brittian,nbrittianps@behance.net,Female,Civil Engineer
930,Lurette,Wreford,lwrefordpt@devhub.com,Female,Computer Systems Analyst IV
931,Neil,M'Chirrie,nmchirriepu@ebay.com,Male,Senior Financial Analyst
932,Delora,Groucock,dgroucockpv@cbslocal.com,Female,Structural Engineer
933,Nedda,Ferrick,nferrickpw@latimes.com,Female,Editor
934,Findlay,Senter,fsenterpx@gmpg.org,Male,Senior Developer
935,Nikolai,Sambedge,nsambedgepy@opera.com,Male,Recruiting Manager
936,Gloriane,Emtage,gemtagepz@oaic.gov.au,Female,Junior Executive
937,Alvira,Geockle,ageockleq0@cloudflare.com,Female,Clinical Specialist
938,Matt,Meadway,mmeadwayq1@printfriendly.com,Male,Data Coordinator
939,Gene,Overel,goverelq2@moonfruit.com,Male,Clinical Specialist
940,Wade,Dillinger,wdillingerq3@amazon.de,Male,Food Chemist
941,Ada,Waddam,awaddamq4@uiuc.edu,Bigender,Budget/Accounting Analyst II
942,Illa,Ughetti,iughettiq5@wordpress.com,Female,Automation Specialist II
943,Aile,Leonida,aleonidaq6@businessweek.com,Bigender,Chemical Engineer
944,Bancroft,Cohan,bcohanq7@surveymonkey.com,Polygender,Analog Circuit Design manager
945,Hillard,Cowerd,hcowerdq8@wufoo.com,Male,Electrical Engineer
946,Modesty,Dunseath,mdunseathq9@free.fr,Non-binary,Nurse Practicioner
947,Cordie,Piell,cpiellqa@psu.edu,Male,Environmental Specialist
948,Dud,Randales,drandalesqb@addtoany.com,Male,Chief Design Engineer
949,Elyse,Sheen,esheenqc@delicious.com,Female,Account Coordinator
950,Mathew,Staten,mstatenqd@newsvine.com,Male,Librarian
951,Pattie,Ericssen,pericssenqe@sitemeter.com,Male,Research Nurse
952,Chick,Inglish,cinglishqf@google.nl,Bigender,Data Coordinator
953,Marcellina,Bartoleyn,mbartoleynqg@usnews.com,Female,Editor
954,Emanuele,Beachamp,ebeachampqh@t.co,Male,Senior Developer
955,Aurora,Kamien,akamienqi@samsung.com,Female,Software Test Engineer III
956,Bruis,Vynoll,bvynollqj@utexas.edu,Male,Recruiter
957,Earvin,Clissett,eclissettqk@umich.edu,Male,Quality Control Specialist
958,Kipp,McMurdo,kmcmurdoql@omniture.com,Polygender,Accounting Assistant III
959,Rollins,Davenall,rdavenallqm@home.pl,Male,Account Executive
960,Durante,Edmondson,dedmondsonqn@yale.edu,Male,Media Manager I
961,Glenine,Husby,ghusbyqo@whitehouse.gov,Female,Paralegal
962,Tyne,Greenroa,tgreenroaqp@com.com,Female,Senior Financial Analyst
963,Conn,Worvill,cworvillqq@narod.ru,Male,Structural Engineer
964,Catlin,Roome,croomeqr@wired.com,Female,Structural Engineer
965,Emelita,Semrad,esemradqs@weather.com,Female,Web Designer IV
966,Concordia,Deniseau,cdeniseauqt@cloudflare.com,Female,Dental Hygienist
967,Piotr,Camerana,pcameranaqu@businessinsider.com,Male,Biostatistician IV
968,Brockie,Hedditch,bhedditchqv@g.co,Male,Cost Accountant
969,Irita,Follan,ifollanqw@cisco.com,Agender,Dental Hygienist
970,Shea,Garbert,sgarbertqx@unblog.fr,Bigender,Nuclear Power Engineer
971,Nils,Doggrell,ndoggrellqy@163.com,Male,Accounting Assistant II
972,Torrey,McLese,tmcleseqz@who.int,Male,Desktop Support Technician
973,Livvie,Wasteney,lwasteneyr0@icq.com,Female,Help Desk Technician
974,Neile,Taffrey,ntaffreyr1@usda.gov,Female,Sales Representative
975,Gusella,Bredes,gbredesr2@odnoklassniki.ru,Polygender,Programmer I
976,Scot,Farrow,sfarrowr3@webeden.co.uk,Male,Junior Executive
977,Jerrome,Devericks,jdevericksr4@loc.gov,Male,Desktop Support Technician
978,Zerk,Baukham,zbaukhamr5@opensource.org,Male,Research Nurse
979,Rancell,St. Ledger,rstledgerr6@usnews.com,Male,Quality Control Specialist
980,Tiffanie,Ballinghall,tballinghallr7@unc.edu,Polygender,Geological Engineer
981,Tammara,Whitfield,twhitfieldr8@npr.org,Female,Web Designer II
982,Mateo,Figgen,mfiggenr9@blinklist.com,Agender,VP Quality Control
983,Mariann,Riddel,mriddelra@weebly.com,Female,Librarian
984,Stanleigh,Hartness,shartnessrb@nymag.com,Male,Civil Engineer
985,Sidonnie,McKendry,smckendryrc@mtv.com,Female,Occupational Therapist
986,Jasper,Quiddinton,jquiddintonrd@psu.edu,Male,Senior Quality Engineer
987,Lucina,Swett,lswettre@blogtalkradio.com,Female,Environmental Specialist
988,Lambert,Wellstead,lwellsteadrf@addtoany.com,Male,Geological Engineer
989,Lockwood,Dalby,ldalbyrg@stumbleupon.com,Male,Nuclear Power Engineer
990,Allyn,Cheves,achevesrh@salon.com,Female,Environmental Specialist
991,Cissy,Longhorne,clonghorneri@ucoz.ru,Female,Assistant Professor
992,Thurstan,Sprionghall,tsprionghallrj@wp.com,Male,Statistician III
993,Lowrance,Eberts,lebertsrk@nbcnews.com,Male,Marketing Assistant
994,Candra,Mundwell,cmundwellrl@comsenz.com,Female,Nurse Practicioner
995,Munroe,Mattioni,mmattionirm@google.ca,Non-binary,Programmer I
996,Hilliary,Courage,hcouragern@google.nl,Female,Recruiting Manager
997,Ronnie,Espie,respiero@about.me,Female,Web Designer II
998,Kristina,Bernhardt,kbernhardtrp@tripod.com,Female,Research Nurse
999,Kent,Roth,krothrq@fotki.com,Male,Account Executive
1000,Willard,Curtis,wcurtisrr@google.com.br,Male,Senior Quality Engineer
